temperature,vibration,pressure,operating_hours,failure
79.96714153011233,0.6399355436586003,26.62410862512809,9023,0
73.61735698828815,0.5924633682912769,29.27740664642241,4061,0
81.47688538100692,0.5059630369920174,26.037900395000193,2604,0
90.23029856408026,0.4353063222294426,28.4601923518048,8906,0
72.65846625276664,0.569822331361359,20.531926665231072,3906,0
72.6586304305082,0.539348538542175,31.066468536864694,6200,0
90.79212815507391,0.5895193220027732,30.006027376811122,1819,0
82.67434729152909,0.563517180168197,25.914556844659046,6786,0
70.30525614065049,0.6049552715319335,33.296228342162024,1687,1
80.42560043585965,0.4464764788439432,34.68785068813279,7100,0
70.36582307187538,0.6317394065634325,21.962200678155128,9903,0
70.34270246429743,0.51975996046924,26.18637610716893,996,0
77.41962271566034,0.7075260872625265,26.15428825106351,5658,0
55.86719755342202,0.4310812181910432,25.300484494455677,8569,1
57.75082167486967,0.6735963803165249,34.14737420965874,4747,0
69.37712470759027,0.5197910783462648,29.030869306135983,9928,0
64.87168879665576,0.43485819963855515,28.677425793446947,2532,0
78.14247332595274,0.4516114165945678,19.980688177966233,4004,0
65.91975924478788,0.46796526918056797,33.17709015104613,6937,0
60.87696298664709,0.5424165946401917,23.80370802573264,1549,0
89.65648768921554,0.55228354880355,30.299663151331643,4600,0
72.74223699513465,0.4426299996061421,31.386884689790957,5554,0
75.67528204687923,0.4975645407739017,36.80329297919326,9524,0
60.75251813786544,0.7142270358611864,23.45589800440444,4217,0
69.55617275474818,0.6727543170100712,14.902439220895873,8969,0
76.10922589709867,0.5436323669674032,30.919247723768475,2128,0
63.490064225776976,0.50380034781682,39.00255590755427,6945,0
78.75698018345672,0.5120031326718262,36.19473176469719,3858,0
68.99361310081196,0.5613517972730416,31.048297076373128,6004,0
72.08306250206724,0.39772074348015946,27.541819071839765,4724,0
68.98293387770603,0.4742623462576655,34.03561298318655,8948,0
93.52278184508938,0.3331415926122411,25.132269001477656,265,0
74.86502775262066,0.5399223122605279,32.3817888467811,4691,0
64.422890710441,0.564719593970274,32.52735079583314,689,0
83.22544912103189,0.4516813537700626,35.3010495374944,4624,0
62.791563500289776,0.6573986763290033,43.79830019455539,2921,0
77.08863595004756,0.3774234336997659,31.962079835893835,6609,0
55.403298761202244,0.353562511979018,27.455181871462507,7793,0
61.71813951101569,0.5224451818559972,29.87212843904003,9554,0
76.96861235869123,0.6047098302612155,21.15462047555441,171,0
82.3846657999541,0.6683927691457869,26.52643434455471,3680,0
76.7136828118997,0.454111573713106,27.95358780943448,8062,0
73.8435171761176,0.6078680833431296,27.379558010327038,368,0
71.98896304410711,0.4961491530499293,30.76177436016861,2562,0
60.214780096325725,0.48273727000591804,25.887900338088997,9560,0
67.80155791605291,0.5883659937486673,35.60515333662236,1115,0
70.39361229040213,0.5652322878413419,30.001035324590987,9375,0
85.57122226218915,0.342360784301575,29.953498394306926,8084,0
78.43618289568461,0.6476540349725896,28.36052641743541,506,0
57.36959844637266,0.6380091354147451,30.775953419294897,7484,0
78.24083969394795,0.43744372984904706,34.125491323338174,6149,1
71.14917719583684,0.5395803533437409,25.664348921445498,6269,0
68.23077999694041,0.5494030186282739,26.709417554623716,8082,0
81.11676288840867,0.5260673765823907,28.481369856116675,1085,0
85.30999522495951,0.444969484615458,23.270645382633926,4585,0
84.31280119116198,0.4328376632061948,25.903710701392512,9001,1
66.60782476777362,0.49744459290085546,27.618895632276704,2718,0
71.90787624148786,0.6172729019259364,34.371945903563635,6389,0
78.31263431403563,0.5543600154594432,31.312806645009626,9703,0
84.75545127122359,0.4629385667913894,30.967949556837723,7028,0
70.2082576215471,0.5771698710648345,34.25448981083986,5468,0
73.14341023336183,0.21514573793699243,29.313141058003016,4721,0
63.93665025993972,0.6148765700372103,31.952324249644448,9777,1
63.037933759193294,0.32602862212219,29.48389123533752,7666,0
83.12525822394198,0.4637559058596868,31.326811746998143,4770,0
88.56240028570824,0.3880330105373856,27.08620671194209,7758,0
74.27989878419666,0.3705318524279094,17.805914208617857,1103,0
85.03532897892023,0.6160826787378519,29.32860418906848,7604,0
78.61636025047635,0.45322987986881086,37.1137406804997,2566,0
68.54880245394875,0.5346503881730715,34.631077011207964,2039,0
78.61395605508415,0.49530794211208157,34.82698742295585,1735,0
90.38036566465969,0.5477040827223122,36.18065360903109,9990,0
74.64173960890048,0.5076821891060256,30.443287954807186,8195,1
90.64643655814007,0.37170077758114306,30.986578537027977,6365,0
48.80254895910255,0.599626681944714,26.91174052282825,1995,0
83.21902504375224,0.4506243416838688,28.41963571986475,6624,0
75.87047068238171,0.3443418101340249,33.07885574885571,1173,0
72.00992649534132,0.4571884839034087,36.01942218584408,5284,0
75.91760776535503,0.6500759790634311,29.302768621595003,2502,0
55.124310853991076,0.5850221742113493,27.749053675742942,4995,0
72.80328112162488,0.4651347865592141,30.002639794282988,7431,0
78.57112571511746,0.46507422956815714,33.00603374464558,9443,0
89.77894044741517,0.46783649487826173,22.78072591933229,2056,0
69.81729781726352,0.707674798356084,18.51909523431381,7123,0
66.91506397106812,0.5381935452231553,27.247315752542082,4007,0
69.98242956415463,0.543004164719107,23.896437870429207,907,0
84.15402117702074,0.6030283454031842,27.459299011763445,8478,0
78.28751109659684,0.5238789159026513,29.26109840591264,4927,0
69.70239796232961,0.4740957854179297,27.733757954884933,4624,0
80.13267433113356,0.4803650150915022,37.26233767235372,9599,0
75.9707754934804,0.4928398740585936,31.6337238230116,2384,1
84.68644990532889,0.4962777763490158,31.502371798054142,5413,0
67.97946906122648,0.572762954363698,33.11103572021701,857,1
71.72337853402232,0.50519458858073,24.305834411096154,4987,0
71.07891846867842,0.5732640077215579,35.195558937101346,3954,0
60.364850518678814,0.49192834198914176,29.6211785673227,3658,0
77.96120277064576,0.5078635190316091,33.35240308620606,9872,0
77.6105527217989,0.30017993154678924,24.64071383479922,1061,0
75.05113456642461,0.5916327674702482,22.23120616991968,3947,0
72.65412866624852,0.5346488475897992,34.08944829012514,6826,1
60.84629257949586,0.5998010109859653,31.882047630487584,3675,0
70.79354677234642,0.21037446218063105,25.48974222821245,9167,0
71.57285483473231,0.7088374704780728,25.651684593626527,2518,0
66.9772273077838,0.4860410371844826,35.62717392207385,4298,0
73.3871428833399,0.6108182816737516,24.05294053566336,1101,0
79.04050856814538,0.39600940728744694,38.21336476627982,5344,0
93.8618590121053,0.5612773905062569,25.496896326760655,7219,1
76.74577812831839,0.39465844368263436,33.191959628041914,4166,0
77.57550390722764,0.4376231039304195,28.356907621255075,2945,0
74.25554084233833,0.6914031353866786,33.01593715541171,9773,0
55.812287847009586,0.4809317599236653,27.279429989429037,8949,0
74.73486124550783,0.5217432873179723,29.18603546963853,5416,0
75.60230209941027,0.5870067730688754,30.204595876978605,522,0
99.63242112485287,0.5495681887972604,24.989062721092637,6815,0
73.07639035218878,0.5150418905143577,33.70412172710063,4366,0
78.01547342333612,0.5364961002466225,27.433932167642073,7649,0
74.65288230294756,0.7403415585238275,28.857000423299908,6416,1
63.31321962380468,0.49423812029664144,25.028253126957438,2810,0
86.4282281451502,0.5201099046714968,17.188331706023448,8744,0
82.51933032686775,0.6050654396007612,29.044861186999157,8169,0
82.91031947043047,0.6105525932957984,42.063077108064576,1757,0
65.9061254520526,0.618703030556038,33.92302143949012,2641,0
89.02794310936099,0.5638730222029185,29.903698101328025,6863,0
60.98148937207719,0.38569950872695163,28.68554585395866,3175,0
80.8685709380027,0.6633431532301096,30.11232946406023,3264,0
96.90455625809979,0.3853654606981312,32.73559557587605,2153,0
65.09463674869312,0.5302635465239033,24.095935923455777,8579,0
69.33702270397228,0.4245724149980642,35.57160847334436,5837,0
75.99651365087641,0.49358616534070077,33.57690657720622,3317,0
69.965243458838,0.532876241030348,33.59092862853967,1547,0
59.493365689338674,0.5321357215450273,32.192378694048635,6109,0
75.68562974806028,0.5421920754235284,30.09808328846995,707,0
64.37696286273895,0.6613711269058647,33.3643061798341,4652,1
79.73592430635182,0.545353430151398,32.95907066870689,1864,0
65.80575765766197,0.4755843364709351,28.22979644529488,9517,1
90.4993440501754,0.5964087168288357,27.131991135515495,9527,0
67.16746707663764,0.6189470488924641,30.509281476309933,9321,0
71.77938483794324,0.37723921848630076,37.74510075747594,2771,0
83.1351721736967,0.5597400069849858,23.804464621730496,6619,1
62.69135683566045,0.5701172742310898,22.662373671237802,4062,0
77.2745993460413,0.4702436496640008,30.823804206182583,3277,0
88.07142754282428,0.6375706813311619,30.25443850928009,3822,0
58.92516765438772,0.48499444129674735,30.86670832185204,5006,0
76.84633858532304,0.5125576453471542,31.219765989542502,7363,0
77.59882794248423,0.48269281757161303,28.883988726825976,5154,0
82.81822871777311,0.5015579047581468,37.44931719301041,9767,0
62.63049289121918,0.3903724913104798,21.99548010761742,908,0
61.795433869157236,0.3559949117405705,25.85751487609877,9270,0
80.21941565616898,0.6594505063224972,29.483726199254765,825,0
77.96984673233186,0.4153038651681672,21.784055944229163,7801,0
77.50492850345877,0.4008607650543693,29.120727977839643,1316,0
78.46448209496975,0.2846609886396285,38.30735082864009,4151,0
68.1997527842151,0.4361038252310498,30.10443244147981,2297,0
77.32253697161003,0.3676910206592502,31.153504528593416,2906,0
77.93072473298682,0.664201516013637,23.6991761741371,9070,0
67.85648581973632,0.6009817089342634,26.918192959802614,1072,0
93.65774511144757,0.4311849654822276,28.124018098380315,5734,0
79.73832920911788,0.7252435805344308,28.41142451621883,7583,0
63.08696502797351,0.5981765486991595,36.40821897501884,2223,0
81.5655360863383,0.46751686164913775,32.788455303625625,8890,0
65.25318329772679,0.2500594285126427,24.44271021531484,324,1
82.87084603742451,0.7290942572590742,31.232523892160025,9132,0
86.58595579007404,0.3610427533236404,32.491108742483924,1914,0
66.7931768164829,0.3354601253043108,35.700745192606334,1206,0
84.63376129244321,0.6022570432009641,37.90270343284187,224,1
79.12780926936499,0.7439752406339273,24.924529040860655,3346,0
83.2206015999449,0.6384272818510518,25.94571244394831,3031,0
93.96792982653947,0.5563909120052359,23.71211070542692,3071,0
72.5461188399713,0.5594754341665286,28.829900704465093,2117,0
67.4626383564251,0.5853415558780308,32.331791872231676,7515,0
66.10485570374476,0.5758928589786765,34.93667258294551,2515,0
66.84189715034562,0.5281191423969376,29.620244881787386,3196,0
74.22898290585896,0.5104201103951876,28.40076238372578,1709,0
78.41151974816644,0.49374068721004777,30.758789961243703,817,0
77.7669079933002,0.4246035411133324,25.824285491849885,3661,0
83.27183249036024,0.47193249231332257,40.44769360847387,9308,1
75.13001891877907,0.33070431858046145,21.961694864409708,6882,0
89.53534077157317,0.490166037320525,30.923702894478623,1148,0
72.35343166762044,0.40114088928490826,40.1180310961482,9649,0
102.20169166589619,0.38964106827842293,30.033999222799988,8407,0
81.25667347765007,0.5179894151153478,29.049804824992528,8005,1
66.42842443583717,0.6392002286344599,28.212772885947864,5678,0
64.29107501938887,0.5918316606002313,29.09804159118796,1720,0
79.82472415243186,0.3429499396376823,36.86424237338265,6648,0
72.7653721467415,0.40103718634296626,18.940690443352466,7481,0
82.14000494092092,0.5940771187988216,37.66716850648163,4880,0
79.73237624573545,0.40175126064616906,22.880214237749275,3892,0
74.27171087343127,0.47753668500029756,28.666738353827927,3041,0
66.53206281931595,0.5550052099024552,27.853777898506692,5795,1
59.851527753141355,0.40316555451363645,32.942766348853596,6501,1
70.53485047932979,0.5105375506145959,22.009378240581263,9269,0
83.56398794323472,0.36659745050817955,32.31086333040972,6297,0
77.14093744130204,0.4398632356048786,40.12154811643426,5550,0
62.542612212880115,0.5319781934142537,23.184129977035948,9075,0
76.73180925851182,0.3407006266468331,30.94853083805198,8532,0
78.85317379728836,0.5440474737960399,26.690089111016956,5974,0
66.16142563798867,0.4980362201073319,32.12943603096518,1653,0
76.53725105945527,0.5552489954417148,30.09573888707876,1112,0
75.58208718446,0.5223914134064661,26.79256545477845,8478,0
63.57029702169377,0.6364140429973845,32.43936142435537,1981,0
78.57787360348283,0.5125224502647907,39.021740548933714,6899,0
80.60784526368235,0.4570594458874747,29.045481041363505,4686,0
85.83051243175277,0.5122297503032284,33.59878971074091,8722,0
85.53802052034902,0.5543298029036388,23.53363521064418,8530,0
61.22330632042909,0.5048860070325705,25.217818115909957,6547,0
65.62174960084877,0.5040591691203883,32.362031389401885,2445,0
80.1503526720866,0.42980083121932444,37.420580142679825,175,0
80.1378595091221,0.4337099082449052,31.7780667439283,9648,0
80.15047686306048,0.3597394728200306,28.434709847384227,5977,0
113.52731490654722,0.6749576743186939,29.99645702711677,6885,0
80.70890510693167,0.3756136764608715,23.747961330151412,5022,0
86.35565640180599,0.4307094802204093,33.022576631776836,8190,0
84.54001763493203,0.42815927344308025,34.41166531161704,2430,0
81.51391251305797,0.5894924376944441,27.7395483358346,4786,1
71.84730755359655,0.4705050321707972,27.649789261202493,2002,1
82.58969220493267,0.6247742072673734,31.329391148260243,4770,0
67.27174785462428,0.4326509375756131,27.816401319797023,7243,0
72.63181393259991,0.5278994162223802,29.669336926870887,2159,0
70.14636452170896,0.41646529467402427,40.49860894583258,240,0
75.81874139386322,0.7145149127773388,28.76487149627002,1889,1
98.14658566673509,0.3812401580970487,28.20829923989389,116,0
56.32734807408252,0.5309820710227028,26.762290971824203,564,0
81.86260190374513,0.5633776880932099,33.720959857499686,4571,0
58.87284128810349,0.5413799097451498,29.093879133909486,1927,1
70.28068134210567,0.4814712341122292,26.753134808392872,8811,0
85.88950596967366,0.4870179300266574,36.60652016136506,6056,0
75.64280019095463,0.5043811471979109,37.098015022568184,189,0
64.22255222070694,0.48529979983715116,26.997882171306475,4915,0
67.84696290740033,0.596387911679491,20.66730024319692,2951,0
81.79597748934675,0.7210523001591351,35.03756844918461,2943,0
67.69633368282864,0.44425082149921663,26.57685087119998,9217,1
77.16458589581976,0.3630197020420922,33.953127995813844,6643,1
75.45571839903813,0.4911717951648745,20.149480911440822,6001,0
68.48399652394183,0.7579709337654319,34.462986691496546,1069,0
96.43944089325325,0.4196325432030269,23.944140353596094,1194,0
81.33919022318011,0.6639116805444067,33.653820595332625,6224,0
54.74857413342393,0.667770081407644,30.071365339182172,7447,0
76.86454314769428,0.44464117582920054,25.230302903016778,3295,0
68.38213535231613,0.5568983079185276,27.964818435366098,1504,0
83.52433334796224,0.6628396623128539,33.431592284783505,7040,0
67.07479261567299,0.4620872259012513,30.52947226557617,4390,0
73.85263558533102,0.47964196398976383,32.92206490236242,4082,0
80.04987278980457,0.4418319086051356,39.88220292257743,5655,0
83.65755194170121,0.3985243269307133,22.178791941444743,8054,0
62.997035929442234,0.4350722454933993,38.08606287484312,4813,0
71.65498764159051,0.3776059733237743,30.521779687616064,3192,0
70.25054688839043,0.5034083468259226,25.50607975838436,4259,0
68.46670767426288,0.42300267689413584,23.348431871305053,6408,0
92.65454240281096,0.5233785911790748,29.054398046114834,7578,0
79.04981710960955,0.3444104353796372,34.6082505596223,8576,0
62.391160456649544,0.5330880232214457,29.362254398112327,5033,0
84.17861947054776,0.5833528961608925,37.55577465123674,5026,0
96.22156197012633,0.3006264357428544,22.744121549742204,9479,0
85.32465260551147,0.5374056569847572,29.939555260769726,4069,0
59.80630034045987,0.6227668992473292,23.738032777934404,3065,0
70.15765927133748,0.37903589813087946,31.81815941312484,4419,0
87.66911149186623,0.6672572386837703,34.4344369504865,9075,0
67.92330534381219,0.5419019009366045,27.896191031594732,7208,0
79.43819428146229,0.4294988144241591,16.97893071686433,9241,0
82.74634053429337,0.4944230922342294,30.99474073398247,4039,0
65.73069528421917,0.5558326912521723,32.18369275866755,144,0
74.404746439382,0.5076005391412411,32.02147377480849,1910,0
42.58732659930927,0.5538755992446369,36.17891095911077,4666,0
64.7561235866571,0.40793264069206336,24.644731601754756,9121,0
72.4743184860684,0.5169360824036078,33.40108052725225,2009,0
62.52216818035151,0.35862855030950197,35.962537562389876,6464,0
91.32411303931636,0.48887739386512996,21.107062079967417,2681,0
60.69858622039367,0.40960923585352105,31.598259129594886,791,0
70.59955513303017,0.42644700574102334,27.479100844961643,1031,0
76.30740577286092,0.6236093175210438,29.59238663449177,8010,0
89.41273289066116,0.6091310120594269,31.738382417691682,6482,0
60.6413784882056,0.5609138120907177,27.56385717943224,3506,0
86.63163752154959,0.3907687235327421,26.62145960419194,8439,1
75.10233061019586,0.46835915503051984,30.170762087440124,1132,0
65.18491348952048,0.6213097699979183,24.563770305685985,1411,0
79.6210347426327,0.5141716913639904,24.570874355574073,8679,0
76.9905969557347,0.7319329539981694,33.396866414782515,3221,0
68.99783122841205,0.5393317839394371,24.25602982420672,1973,1
75.69802084990019,0.5192049116490032,33.331562504546056,9207,0
71.14686403138239,0.4690883535797499,32.31295646426975,6881,1
76.13517345251248,0.5133540904782282,21.370966356047017,3848,0
81.62130674521046,0.4847530163619456,26.612176738321725,377,0
90.86016816145352,0.570810867668859,35.97054701523686,1959,0
62.62184501173151,0.5956702316794584,25.09417234430159,6029,0
96.33033374656267,0.421401053949205,27.677978688453063,6892,0
55.47912200477498,0.3668767046442222,32.31030446625948,4813,0
73.48214904964416,0.3163794626896703,33.91695254641298,4775,0
80.88317206484577,0.5507991326912544,28.74230556977752,1270,0
77.80991867735032,0.38966333938261266,27.01244902654179,8781,1
68.77300480179406,0.28471094070475167,37.11184930849254,9474,0
72.91877749642725,0.5388578604530965,38.6944983189879,5408,0
70.06999065341168,0.749299951743279,34.89429025390898,2562,0
69.10635243055789,0.4993929088460107,30.42659071282512,9922,0
83.49602097021025,0.5838490774451642,25.95867139179537,387,1
78.57015485965047,0.5081829358547565,25.847777967217173,6053,0
68.07090404739346,0.49011103468088574,32.61257052632879,4382,0
83.9959987543325,0.5919076482987768,32.091991104443416,2007,0
78.07299520876609,0.4709725455811349,37.007992964732146,1261,0
83.1286211883896,0.5267392314071903,33.25225046268069,229,0
81.29628841923612,0.5321697806196014,22.48459849120091,6437,0
66.71004989077927,0.4331909546356951,35.25973808861459,2463,0
69.3981895980303,0.5992042349536523,25.009696863427934,8251,0
82.47293605123262,0.48250402433045914,28.08014364023824,6083,1
81.10370265433465,0.4244254840507155,31.251001031258472,243,0
74.79098406035853,0.5536509843570403,39.978337448919824,8307,0
76.17327383308782,0.41015320182089626,45.549592780026806,7569,1
87.77664895788425,0.5028181157369128,33.03361529568092,344,0
69.0842861116417,0.49908810033557965,29.084016906398062,1026,0
80.47097381170038,0.6085895565831578,32.67252824240275,3278,0
72.97807347566106,0.5474698232879953,34.43827712936918,2276,1
72.82318796772779,0.4974973041254856,28.396661872214043,5102,0
85.9877685198719,0.5817766299200287,38.97605677956161,986,0
83.2541634898803,0.6390207549017314,31.15035379595701,8632,0
83.13509636000639,0.5557810306351862,32.48871544545697,3498,0
88.05478807154329,0.501035261984338,33.329621260272305,8597,0
75.21003841632759,0.368816376764984,32.10793305307228,9199,0
81.81952971294965,0.39348863369246273,34.194702502348065,2754,0
71.89733243406543,0.46947752956453326,26.913734067265384,7492,0
78.24166352488442,0.4390487797840717,27.208491230269846,1471,1
73.69856945632316,0.4813028697014554,24.499228835141526,7235,0
75.96995964992718,0.5056649924897108,32.19750615310113,420,0
80.95157025436913,0.5529692754356731,33.89468251756057,4754,0
66.81779316766527,0.4929501221940909,32.28886433075943,5400,0
95.9238727568546,0.5486501643826202,38.37246216673769,6861,0
64.93982618500299,0.5064474414810121,29.97201990585477,6954,0
62.85811387212268,0.3024533433646128,33.34370827796256,5605,0
86.58110873500068,0.40606646061812457,24.54149561930343,9423,0
82.91662693962935,0.48559124442783846,28.064501487627997,6653,0
81.24119817052156,0.37903052571588924,33.47768878782889,4142,0
81.2834550926428,0.5599928729996204,34.24551055371572,9109,0
74.87753227153085,0.6530750832343697,28.530165261679088,7598,0
66.02745628514168,0.6218761851697316,29.642003740709665,6736,0
75.75804558193727,0.47865571290697917,22.410631266595953,7462,0
68.22838288487888,0.6490726136849952,28.214853995966955,111,0
84.7511973341775,0.5148667457202112,34.45191581759893,294,0
73.52942618497862,0.46629140288819604,32.876025080532834,2637,0
66.74502803207488,0.43865973364590605,32.503328606906045,2942,0
71.78614158347007,0.4697530313511872,30.2488684359048,2329,0
79.12931454275625,0.4611823181458771,30.03531579314088,3109,0
69.36275447196026,0.5170416222375488,26.698394302632764,8084,1
66.77779604433569,0.5160573981049864,33.49414210101267,2177,0
77.43687211491913,0.5003046020153414,32.104864721946946,7945,1
77.44966571108722,0.543693816974635,32.46009423996399,3967,0
69.9305682462887,0.6190646274786341,27.369825786662098,4973,0
70.28961694381677,0.5949554135441324,19.23328540064378,8735,0
77.32049937357637,0.35151020315500964,35.485763558768475,397,0
60.51915658502676,0.24460788650980453,27.605812719957978,5956,0
60.92536225623445,0.5934319911239274,25.686121179784397,9136,0
67.81555778747564,0.36331213015845787,33.46739455956997,1115,0
72.86552848288153,0.47752345981073163,28.03993680040435,1484,0
78.10907565598005,0.38298869739406405,35.29968192023311,9689,0
89.75356216949552,0.31980195624199803,33.08502974788349,8845,0
83.5765962320202,0.5541462728204788,33.417846616002386,2450,0
73.40061470036574,0.5759155160302647,23.170221443997328,1369,1
74.80983792097311,0.44234895992732803,36.059719926932004,1360,0
64.97470635362191,0.240895770785509,31.30625265616928,7801,0
74.8148686400761,0.4453755551747517,28.153614303768983,8476,0
72.11341361079862,0.5391804005402546,30.716942336711256,4663,0
78.22718560338089,0.3521088431225871,21.1188238355084,6997,0
66.72769056447677,0.5183359919779156,32.043264057403356,5772,0
80.19346514241172,0.4984690150827004,24.853142459089643,5693,0
90.32738913002578,0.5579291499601089,23.23664857078233,6255,0
73.91239851543142,0.5119580368414153,22.388204068910547,5643,0
79.01711722098942,0.40269310591184443,35.563441874949625,7340,1
81.90143991711112,0.6196571501664492,26.853683031536058,4783,0
70.98779528114164,0.484147042697303,37.6686385495825,1981,0
77.24092481810416,0.4972695460490068,27.32099268473851,8813,0
75.12592400781794,0.4066732040926804,21.463210212035264,3909,0
75.97676098548831,0.455671774880849,24.417377800256705,5907,0
67.26990216144533,0.4115197285973099,36.179058100034695,4983,0
75.24510174258943,0.4827053940076577,29.220509110316662,7306,0
79.9799829124545,0.6711708480142343,27.258563517546996,4255,0
89.51143607795042,0.36280988570686434,30.80009112926394,4773,0
84.59270826085206,0.33864386021232584,32.50891368083772,1509,0
96.53182457511556,0.6471170327493608,35.5869940795123,9986,0
67.3265243711195,0.4790676322848134,37.24249614946463,5297,0
83.72320636720679,0.43309272613400834,28.20115677105457,7552,0
76.83342005738352,0.6039904687396076,23.36976156958981,8818,0
96.89802933217672,0.4394384460263136,27.93267419438362,2272,0
66.91701714644849,0.6826009713546937,31.30140253291443,379,0
66.60278157819224,0.5677925871339269,25.181205368946944,4077,0
69.00607354555977,0.45120885918542974,25.214245425524787,2769,0
53.76104275690193,0.7157308213265503,31.718939407749428,7925,0
69.74244978319238,0.4394285076996661,29.756738242147744,4081,0
67.40867338446301,0.5742095372009307,30.163984977057932,4869,0
76.50393786476208,0.5299292580406492,26.207523326499654,5347,0
78.4175597577716,0.6301741289398798,28.847996428971165,4527,0
93.76170839215887,0.6561511196726852,25.378834278658477,6235,0
84.5042383818605,0.5032004149065766,34.450992055623935,5673,0
69.23096344337597,0.42465821296538164,35.17624667361876,4231,0
66.01585328651642,0.5459972142939117,20.76906068880953,7289,0
79.91919171506505,0.4322284630247894,25.35244569903795,4635,0
61.797667929793576,0.7013387247526623,22.517353724549604,2876,0
93.31458765854353,0.5136535331082738,26.74988032796551,9411,0
86.79440120721287,0.4634678448687891,29.582810151048196,7797,0
70.30824347895295,0.5184680305864908,22.75177390150735,8486,1
57.868654709091224,0.36528737104703035,25.390700934373434,762,0
88.53872374165412,0.40283859614893486,24.980213139592507,8771,1
73.85460154747382,0.6200413907944425,31.03633664699472,8144,0
87.37816311973462,0.4343105721028604,30.34672168518125,4318,0
59.05572341205633,0.39530890173180605,26.391312233313734,9715,0
69.00624977046228,0.5536652752527286,30.88410436069699,5160,0
75.05243699718183,0.6185704154662997,27.266599577063673,5974,0
75.46980593764742,0.5718953310665067,28.641724448369732,5681,0
70.49934528520757,0.5996047685805816,38.36726045149268,2114,0
81.22849932347499,0.4243204911430539,36.70230525895174,3889,0
64.32379570617405,0.3578189333258156,23.502093815362013,9203,0
73.57620514978707,0.6501333651955487,34.14866208939587,7248,0
76.20295631711899,0.4677320161157864,34.05698277245796,7866,0
80.14438834058748,0.47491669835449524,24.25868355623691,2464,0
82.11614878088889,0.6328194141849058,34.0938882187743,3729,1
63.75357908162131,0.555623000940066,37.68965959206277,6019,0
59.65885829264378,0.5455887772081608,24.38727596877793,5775,1
87.7767682189851,0.7165002344901084,25.412485894928682,8972,0
78.32314011979592,0.4356481769619857,35.08830733421751,6738,0
67.51513463443446,0.5927840128081238,31.35747655412824,4751,0
90.51151975522524,0.5057013124897084,32.757381376197614,709,0
76.15674634292859,0.5268592278863257,31.702946082002484,8040,0
86.79297184063826,0.6528468426412531,31.95347960464072,3966,0
75.67518481410109,0.5507835756289624,23.367639358444585,471,0
95.60747924881987,0.5538296079049633,35.23658853310724,7098,0
92.55340842443204,0.6072507337309803,35.84794996213887,715,0
72.51035851520926,0.46350472704571144,28.85304627965986,7011,0
84.71570950954356,0.41607903326609935,29.78261525093069,6110,0
81.45375949585147,0.39551908059789664,22.34446248722139,2353,0
88.68631557532349,0.30336434106239984,32.57127378008917,5042,0
65.35076539419896,0.7056207129940322,32.86028720857072,964,0
81.8605145999844,0.3896791634278317,29.689044915003446,1368,0
85.58424486849587,0.4778746376414228,35.621766799352514,7554,0
57.41260513576886,0.47231867001110794,28.329613845100297,9076,0
63.16741487334225,0.5307406697809101,32.823029629468,4671,0
54.607678222398995,0.5815737212539297,24.901678306539424,5329,0
72.30593165555442,0.5860473488359745,29.88223924562881,2337,0
82.17542255795962,0.44169225614310614,29.12822871048582,4154,1
90.02357052096028,0.48328782862135883,31.12653961020471,1035,1
75.74094780419775,0.52825799504883,28.152365355833208,6494,0
91.28615545571292,0.4751308873816453,29.34263702164166,7991,0
61.198985417851084,0.6607345576019993,34.13023585720753,425,0
57.96617560644845,0.5490974951638251,27.81617881380891,9826,0
74.44452301103381,0.5734877786049818,21.967114496306603,7874,0
78.84065448939307,0.5662881268667412,38.7479195210271,3961,0
74.67305251905907,0.6173473857485325,36.907270393452436,2085,1
54.325578999601234,0.5181021558703707,23.538686524471906,5032,0
74.10879960487212,0.37031680520441534,33.44853902622597,4703,0
61.95530499495147,0.5399687951752642,27.485126147243285,2878,0
81.69672548830039,0.4348643106208171,31.317436076655298,9562,0
78.66598246096848,0.4471383318250243,31.47112064506747,8932,0
65.60120213672644,0.5586364018755093,28.82796099841839,7854,1
69.86133082663306,0.6238283071433636,26.081171672068017,4178,0
64.40786478111049,0.5021271576736062,26.547294738418703,1467,0
74.37320902726829,0.5308833012598964,25.41904042259379,4142,0
84.55142320501238,0.6702214944635239,25.840888958847778,2675,0
65.14273953664457,0.5240753179488569,29.664108549753223,6854,0
80.04046515517844,0.7601683114180395,26.421200054446242,1681,0
69.69742381627559,0.5565509645631544,33.4102603285631,2086,0
67.07127167737656,0.3239237240844182,37.436230776679636,2340,0
73.92969640045442,0.5753341621104533,27.099733793149785,4066,0
64.64757677580626,0.5381158384882778,31.197022502676884,7704,0
69.46350694652818,0.6289752754082746,32.49842555151467,8420,0
63.021221074111516,0.5673181351269958,32.360011354596374,6068,0
94.6472513291639,0.4861544016016226,30.379776339580438,9143,0
75.35263551971728,0.37757017637106344,33.71341209179861,7593,0
68.00274492007415,0.4790976742713975,32.41124476340329,4203,0
77.13979910734221,0.41494795457906997,23.81168788836351,2176,0
73.8767195030917,0.4419476550195277,34.345780321946364,5331,0
72.79030400466777,0.558857840442061,34.43645418633371,3094,0
81.14166700043425,0.6669904504351406,26.183569479107092,3844,0
82.57507710047305,0.5394671529822981,30.18968917723801,5694,0
69.69498852389472,0.38041169379648154,33.416644964055344,7631,0
69.2418175935532,0.5444602668220141,28.953430902103193,7471,0
72.24948302848355,0.6196631486645652,35.36489023883006,1744,0
51.980788352644154,0.43902170956806175,41.8193624730968,3244,0
59.84808937801448,0.4865982833327082,26.070069836825088,342,0
88.66874267444524,0.5014688194729197,23.094776984231125,4185,0
91.44967713501283,0.421510168691776,31.51909297802438,8054,0
72.50963960443622,0.5648280433843859,33.60781252563072,7369,0
80.76556963055766,0.4879051851392218,28.845668130776154,7230,0
78.11250154543536,0.5419532443907028,37.266303316605175,6928,0
105.78880808455239,0.41125078221979,23.306971001383758,8462,0
86.19574911434577,0.45625416996765894,33.46459311515805,8944,0
73.72082408519233,0.5722381357827772,26.970695896205534,6431,0
65.44459559399574,0.4627166847908233,38.59688953103648,3612,0
58.93553679742428,0.6726963851233405,39.962576765840595,1599,1
77.03463635867223,0.46003638143853975,26.16671706108326,2258,1
67.43649254715697,0.5224684725751886,27.2522143204571,5262,0
60.77746290402326,0.593259083187309,34.29793943489901,4139,0
68.53427115757474,0.3581634267066968,28.064346751052426,2135,0
64.18451996385605,0.32391911880192237,29.77294391033881,8077,0
91.87141635072564,0.3474343685429905,30.12694210271205,957,0
83.81639756949451,0.6262584103427182,20.40163421901172,3923,0
74.92027358683383,0.44481418541075535,29.930811269528814,6870,0
89.79944138890026,0.7558199285668252,26.55136112967913,9341,0
75.77368307647619,0.44357524013426114,27.53438588800114,398,0
66.38715798671737,0.5184551303197037,37.21816001734407,7344,0
90.23124077269657,0.6542109952567876,23.717465528603718,1023,1
80.38910043684659,0.7006092888159123,34.06602593373989,4332,0
64.62753845673544,0.7061503576636398,28.605185348340957,4406,0
73.09661321916391,0.6208366230593143,28.601199157520828,2899,1
66.24381746615242,0.6024062525811462,33.951859480258555,6678,0
61.172002690356635,0.5592526949201183,31.70025647284445,4975,0
84.26177547531641,0.5778361076166638,32.85306498609766,5426,0
94.0941664047013,0.44488142836714667,34.84092330266431,6682,0
61.01432426180859,0.41818011165776925,28.343458084083387,1902,0
80.62969236690572,0.49966255425890477,26.938816327461247,2757,0
68.49357430878173,0.4829815377475072,24.574247367211008,3446,0
70.12874616235304,0.4546771950672725,25.872947350105225,9763,0
69.07606075761132,0.5696387447456716,44.745472126543625,3049,0
66.36009230320184,0.595530520857051,36.22339790368393,1041,1
75.48521627944827,0.5088406886291847,23.244628168959892,2007,0
66.69049883588963,0.6477530081055262,23.38771021628215,4937,0
77.70456825779839,0.3858310885866495,32.40933030859246,8205,0
74.49761890550863,0.4806340540720282,32.736323986889836,1343,0
72.6105195313359,0.4283177679397195,32.744419176586824,5796,1
65.92436337958402,0.313346338292694,28.72522103223151,1566,0
69.23228669431667,0.4917319314157301,29.372728699985498,4057,0
82.55391225825755,0.48782524916167164,31.639397620796785,2066,0
80.00917187624381,0.6513449743242131,30.429465031466652,475,0
65.22444755201448,0.5630811684554777,18.903498136262325,362,0
75.99332305429226,0.3975813175670795,28.85100184712403,4462,0
82.5138712337179,0.6854092566334189,25.742967828698433,6602,0
58.305947188786284,0.6221033695525353,30.87605709454256,7933,0
80.43360192379934,0.5582097703468616,44.926295013017054,1993,0
68.37376241054153,0.4773515901150168,31.83740832737152,8206,0
80.70598668593159,0.404056076327652,28.43235156913801,1752,0
67.36740843457483,0.4627793223928947,34.60900750988626,5640,0
56.95117899335481,0.6088748619704186,32.41343943604606,3992,1
58.72457562116837,0.6884586305934609,32.100472452259204,699,0
75.48084946661382,0.6543243528272189,33.034252966078355,4915,0
77.59722501721483,0.45111505782137257,40.28271782414771,2012,0
65.95683374895592,0.38803825667109887,24.34555782337042,9584,0
81.38592458777374,0.5140886246911204,32.36816038405727,8892,0
58.3847993773104,0.32315606344371484,25.368094350092306,8672,0
74.33920201352683,0.5323167714184781,32.77756323171124,4313,0
62.889838002375434,0.48523974137013315,25.40656744256953,3737,0
68.4816389219784,0.4533963498131758,27.91316593197458,9390,0
75.47398671316414,0.34052969327332044,28.524550428810468,5699,0
66.39586634716048,0.5513600106569716,34.87908359672355,6548,0
71.15444455770175,0.44672991603380885,34.59227221971207,8657,0
85.0629280921444,0.3830083164289712,23.771413117768077,7482,1
69.23108130476851,0.21277377867183506,30.274670554999243,9082,0
83.35692112065142,0.4972485094949364,26.452100726254137,3669,0
63.702931453423815,0.6772251596669744,23.707475446623327,7807,0
80.29804177915283,0.666125921454787,28.914914747878147,846,0
89.41568620657901,0.4542903743413728,28.457586057720903,8604,0
50.283554998727105,0.4397787939638219,42.13358243172761,4733,0
67.03104744529523,0.5468774256075024,32.16479912680348,1020,0
80.7707212718054,0.4001614560811708,23.111912496228815,9369,0
72.96954613957007,0.5301791899819466,27.176129979145287,7108,0
78.71145873371309,0.5766080278384691,35.106916477146996,2481,0
68.9601481328418,0.6226933223884308,40.442213864349625,3718,0
75.865897874729,0.4899845923520047,22.070083438810208,9089,0
73.44322764607921,0.4796326249823034,20.600378074304775,4543,0
86.67782061659807,0.4122017413243439,39.35482587685891,372,1
77.54420843301213,0.417311964596014,31.94807088685452,1873,0
78.37602662075201,0.4773521108098473,25.65853634061817,2647,0
70.88123033877532,0.5367365506816179,32.67314543061217,3264,0
70.12393775927507,0.5913584626233249,16.82126130491561,4880,1
70.6744181218038,0.4196821049319655,30.016877532985806,1046,0
78.94452142378297,0.6492688568959522,31.639105864215427,606,1
70.79015519179737,0.4728876398957431,34.62135069768915,6819,0
77.89774856896413,0.4978632705651564,24.930520238537312,8535,0
95.75400798645438,0.42527883208521766,30.428435807016797,8797,1
83.71124703431693,0.2575759739727058,25.37287686970206,6460,0
71.73976467832159,0.588404539636105,31.276918778371584,7757,0
87.01213922163944,0.5736843897092433,25.52326838818488,3690,0
70.91924626978448,0.47186724428817867,27.959495804198898,1292,0
54.61875464822146,0.5066990717224872,25.020923026048855,1564,1
64.91913689082595,0.55159392177041,33.255681209118286,490,0
56.29208078974145,0.34374541431134575,34.29225558328333,5715,0
71.48486515958692,0.4470947322653705,28.826897150212933,6206,0
75.18418379189552,0.5794264679621828,30.191189974800142,8964,0
91.76437312275283,0.3745710576830751,22.75704292683228,2660,0
78.26927373764163,0.5293557932166629,28.501616759966065,5967,0
72.80899471191135,0.3643418195376595,29.748976914791275,1311,0
83.2940558118349,0.5466429982433526,43.103965455149876,9221,1
52.88864690992115,0.4964358517702516,24.440164871129184,1639,0
77.35614558108566,0.33848681840944905,37.320886193762185,9204,0
82.70865193886966,0.6164739354457172,34.98429386732904,743,1
60.214137542201584,0.42654084232019507,31.403182022450682,8793,0
86.43754043206928,0.4189747562985619,38.79310242097567,9021,0
78.38496407494414,0.5200569197230943,31.860527363034315,1383,0
70.84712086099199,0.6148637349428715,31.945795978339643,7780,0
81.32781866106285,0.3984178181021603,29.734396734912274,7445,0
97.70692857804396,0.5061679849847972,36.117844412093135,4486,1
76.81866255058495,0.5428816500330573,35.482346169054416,1019,0
77.48220586300336,0.5693105607263144,26.871613562518938,2439,0
70.40639100459757,0.5176441555277225,23.40376402700616,9047,0
66.50155630535208,0.46329721609166774,28.985096813021716,6030,0
83.30335816544246,0.41724097793512804,25.999807178011768,5502,0
66.43916174091133,0.5086143883046375,29.682377126923225,5763,0
75.71566237219392,0.39278609880143933,36.187190673420695,5375,0
70.22342553234883,0.20786495165053925,27.71349172456605,607,0
79.78979825746391,0.5436559804157668,29.785883093442127,1536,0
78.33662105286949,0.5903934841086196,30.290113674041976,8850,0
85.375399442579,0.26370675644581615,34.24215441102642,7454,0
69.89983601145254,0.39902692952900626,18.765553330076976,4616,0
72.30125064706628,0.5619154261005198,26.966498526173517,3722,0
65.21236284217693,0.7057495469711699,31.056418461397364,4499,0
70.55706739923889,0.5020793707675408,36.00039478213431,5137,0
78.77300493044852,0.42719970587708656,27.540487762468974,8211,0
82.56988616645351,0.481710355889516,20.61723646979063,3815,0
65.77834675822375,0.6374876419148185,33.09855722983068,7937,0
83.6960592010566,0.4354035820875465,26.823188055871853,1401,0
88.55637858804951,0.42008079933497466,24.051666704548193,7470,0
79.13434903223701,0.45172564778179675,26.87827305143388,5285,0
93.76795812558066,0.4046671391741288,29.07737321172075,2255,0
67.26210800896428,0.5122670315994795,26.976276677308938,6511,0
62.55345296688583,0.6624678458469561,18.972169714504652,6465,0
57.212797510957216,0.5323079273116029,34.48533098443566,792,0
89.96044311489183,0.47476464978737126,36.37437520639361,1578,0
81.54365656354058,0.4708188731084456,33.25760995669753,6496,0
74.44415329089544,0.3436809191303343,24.311571647875915,8548,0
77.7996862631982,0.588310977714716,28.99254233026241,541,0
63.74510952701623,0.4922162802987198,29.96739342385271,2746,1
99.45751979616827,0.48195200864093746,32.99397194780955,5309,0
76.29221181975228,0.8193107567844862,33.34170244359041,6633,0
76.09394794604893,0.5298752908365686,26.32913100610752,4777,1
82.25766623898691,0.4248208949904816,30.409977782067802,7311,0
79.81009231736714,0.4573642403794457,32.28640202307621,2745,0
77.23884024279131,0.6148445709196755,37.279111610733835,8310,0
67.09525544554688,0.5113270410537765,33.522532699123616,9416,0
79.71468357135996,0.3561722021682633,33.945283436877595,8033,0
93.82024496475034,0.5919228934575204,30.419133139646803,5576,0
88.45420046154977,0.4331855914461006,37.05229572601752,8028,0
90.93186626639397,0.6873297776217546,32.04881397979749,2180,1
69.88784323568815,0.6080048065714648,25.694560449132148,6189,0
65.1039517974142,0.4552678104341249,37.01684985062595,7496,0
73.74213079900352,0.6281016361735113,33.48951636269514,9839,0
75.55724912288694,0.5067855510527404,27.784779894357587,7897,0
85.94191518470949,0.5852773675122219,27.602535163003783,961,0
58.07535370285181,0.5484732817294475,31.48287772570381,8446,0
90.29550319460614,0.41536433450091265,32.31592397633792,3594,0
73.4199210142101,0.4356450167682538,30.986461328156032,1004,0
70.7311893005258,0.6029960817581161,31.556543367214424,1369,0
64.87895624739832,0.4665224667893459,38.4997868728819,504,0
58.451433281342304,0.4596351536758003,35.35771576117443,9135,0
83.23170583961914,0.4044877420650647,30.95317795632512,9856,0
75.73317967188405,0.5423599065593461,34.70655290383742,1284,1
62.10039100258946,0.7062524919243145,24.837380482362303,9038,0
62.04921227936384,0.3932467085745727,31.989635249734043,1825,0
71.64215300709871,0.5024219456672758,39.04653174866555,8562,0
91.69021525289392,0.6412220555415429,28.90977052303813,5911,0
72.40408648636395,0.4920358608754285,25.761830356904575,5706,0
59.96857046881894,0.5452371796249734,26.7395555570347,4056,0
72.54256935914056,0.393760647185312,24.55183481328806,271,0
72.2727643025233,0.5428307097207649,26.076190459361484,8565,0
48.03113357058429,0.48128557349954515,28.147459507049856,2406,0
74.45705133482188,0.5985729995679863,22.97216490410679,9450,0
72.69065469791322,0.6187386051564752,30.078091669748016,9998,0
81.96206364813418,0.7589563642018614,34.51138586893324,521,0
93.48956094945345,0.5579633173213576,25.4612190992654,5640,0
86.26565029547757,0.5325796316582166,37.59641961820884,9501,1
72.3111130944517,0.5194384301577336,32.55396044263797,4775,0
63.934740912583294,0.4646833707189312,35.152902928120284,9182,1
100.7335980324986,0.5338483843461691,26.710827230739316,6848,0
75.59218434014488,0.47045985898609705,34.27262613533308,6203,0
75.13929291912946,0.5168460976269614,24.540330498023437,1573,0
74.75874912889996,0.631759753560796,34.451237504182544,3343,0
76.98084760767856,0.3993457434720359,30.859196698967658,2281,0
73.55639588076058,0.6139878561129045,32.76625609992392,9741,1
69.26337993119763,0.6317115067339866,24.12202697187574,3196,0
69.53141058759608,0.48819314730089214,25.524650788616977,6746,0
74.67246729784002,0.2878145100991405,32.98614109126692,9882,0
69.56575228866235,0.43921780129055676,25.258259978878996,5982,0
67.87154217322836,0.629699454656111,32.316031460495616,6082,0
76.06430227691897,0.4977131937701118,23.16431096769877,5898,0
72.45022782579144,0.4000697767705089,34.240871063333344,9727,0
90.0399298858269,0.44952250787717823,23.837383426157455,8515,0
48.49030191606988,0.5840620026504553,32.76149968839761,8511,0
85.91506851922462,0.554673356820138,33.12815466823,9946,0
87.4608519249763,0.4761067900830306,26.516140907852126,8556,0
54.2660976759185,0.46331755881853126,32.91013283542363,9245,0
71.57312405919652,0.4608241850956178,31.30221131666778,4624,0
71.28559134004209,0.4077589815501497,27.30579071903631,6659,0
60.924883052821784,0.6615375689469442,24.95722657961896,7720,0
67.22183312409125,0.467767953078866,20.186871541637103,2874,0
63.894241545341714,0.6217158520825496,31.748250236498468,5773,0
92.52270443423623,0.6521316051922451,22.175986143189725,3224,0
84.35678393147461,0.599831089814796,30.47672099720654,8771,0
87.71555094994159,0.45683796872819515,28.682758919588753,1453,0
82.21672064043236,0.5403730090336609,33.39571387719098,9181,0
63.70948228782771,0.4975804393609084,28.48977250255068,3954,0
69.75479733720226,0.40962981392698716,28.35276106826454,8234,0
79.89374561227918,0.5324359281721603,33.659353521441474,1024,0
62.778721911080545,0.3820960208840197,31.675290145420586,2270,0
82.12998430172388,0.6187679388461564,31.58077978591389,5606,1
72.59674601841866,0.4535382702701607,32.346337949042635,2495,1
71.25179192450402,0.5201159655872839,22.32213938396447,8320,0
82.10959968203491,0.5283287871546142,33.78394339993491,8326,0
79.4426331148604,0.4741095026295923,33.062343970068014,5615,0
71.3903383418092,0.5586693801475274,24.916584357117515,2770,1
86.59329803364248,0.45250963433774755,28.779597631628995,3465,0
64.18936672400102,0.5871297297457244,29.803463561861843,688,0
81.15935606944264,0.36540203197532517,29.327516077991337,3238,0
80.93101257968384,0.5126379579546412,31.669299832842672,9195,0
71.9045356068601,0.6938928999058285,37.15683390915592,6763,0
78.26133022242118,0.39996686753944255,35.40883363836414,4186,1
62.488864236146966,0.43222550294751483,23.43890403284297,8631,0
84.240270192069,0.5513907849658914,33.110349951530246,4370,0
73.15097863557011,0.5179581781939598,36.644666597677045,6119,0
69.7727697948096,0.5350630099273559,31.934042603446013,656,0
85.49009225836889,0.5489187130147664,35.454902125929834,8122,0
67.9565630945724,0.563472146856177,40.06135222850382,5552,0
60.91538703636441,0.6109699841956223,35.11854773053491,3667,0
59.433708264760966,0.5409818656928512,31.246542978208645,3999,0
81.0600995134564,0.47587423453814576,35.225442370423764,6577,0
62.19570647503717,0.5672573701202731,30.724439165484455,7600,0
92.54794181984364,0.6899881934895216,30.119515216424777,1116,1
54.18070592116278,0.48673662536174267,28.242928821431338,6570,1
91.96456368290038,0.40254706953293584,37.81706679416054,2162,0
77.11017467202619,0.6107080669286973,25.907856670289995,9130,0
74.03286888129608,0.48796188360464016,37.66183862339058,9929,1
69.5508091319105,0.28273304539859634,32.49932061870186,4421,0
78.9913611435207,0.5847421677150422,23.003469125990293,3596,0
74.62365297575151,0.4464671814046077,31.83824646495711,1913,1
86.03301882016521,0.4909466717695839,19.49986746174188,6356,0
76.1422764866204,0.5331980330569015,33.12754008415518,9743,0
76.50301761461877,0.5190499679779066,34.42615741494495,2413,1
71.36387787786144,0.570945181713904,27.03822022173973,9806,0
74.43054376278933,0.4564513629430157,30.617738479777913,1331,0
78.0780176889206,0.5513105798176082,39.77078716875143,9937,0
57.89831607343375,0.4740453322416083,27.471266478690318,5931,0
61.518145778942866,0.5738810480887503,24.705462064716997,3099,0
82.43264094022715,0.5615367484013053,37.40831701231299,3540,0
76.70865438127942,0.40645612979554047,39.81293595265397,4156,1
73.1601666364732,0.6085982116175033,30.018478359239236,405,0
75.18433933065393,0.4464036554885952,35.05731517704178,1789,0
78.47581705361671,0.5808057798281145,36.70737957765441,9809,0
69.60240319690638,0.5367287313401341,26.28757883730808,4017,0
67.21695274597687,0.6838183676795122,27.57347082316066,7180,0
76.95845255097682,0.4776534017628148,36.15437256577368,8711,1
65.21627222384969,0.46506832038818025,38.425071393542545,3036,0
79.08252755714472,0.4980580394112267,32.81440430087177,3962,0
57.9741639576216,0.4696820217165725,25.60092823248973,9742,0
85.29155637325644,0.579994190194205,39.935305558497205,5749,0
79.72597482413043,0.3383689391563412,27.345145510940178,3361,0
77.56029734313876,0.3946317580853646,28.32431109414274,9456,0
84.82690983945514,0.3932197078420807,31.711689172448107,1919,0
91.65474444462576,0.5950307591973576,37.77080210357387,1442,1
85.1437006501813,0.6710613372581925,34.26987988276112,5660,0
56.59125768668355,0.4895550781462529,32.07432750180955,2326,0
62.204230332642986,0.4831178276809989,32.31644265059053,1179,0
68.75181422304321,0.5070052163113181,30.21757334321733,4306,0
75.26091050210833,0.616187830260819,32.790697572592535,6380,0
80.17659020469122,0.4072646865809426,17.352199611528484,7335,0
67.74256186846534,0.5238368982734785,28.516962704651007,913,0
76.86766764477078,0.5975197629782429,31.206609674583905,5189,0
67.44617067646678,0.5501094169939845,24.244929581902465,2131,0
68.88482197008052,0.5189581616598743,31.9316165890578,8614,0
60.93338903151778,0.6001046092567142,28.97764389506939,9195,0
65.76766753889096,0.22967677070007625,38.77737849157745,9833,0
61.48315394383666,0.5677875319530907,37.865098626074285,6011,0
65.24126747022667,0.4345924316872576,27.670972154409185,2753,0
85.5364179660784,0.31693671031435433,29.245811442166524,3440,0
65.50601111168056,0.551120259952498,29.630262171958037,7976,0
101.32382064837391,0.6373658545162958,27.741702619201888,1241,0
79.93317900880889,0.48625514853723084,30.975124920140633,9141,0
76.84836123694873,0.5952874547202939,26.20858965556205,8658,0
66.41642219818786,0.6612278257988645,24.346923325312368,2997,0
82.00309879408991,0.6314914453584047,33.11355611950134,9381,0
69.24362173762226,0.6639964529371393,33.147647921109055,4141,1
76.22009814645361,0.5742127491071892,25.978421201700037,2138,0
100.60084538268795,0.5075433638901593,34.476777153812996,4370,0
74.03940100275351,0.33980341881028314,26.842111354173344,4783,0
86.49273326285676,0.47539375118700516,31.265826190189905,594,0
67.96823574874112,0.41567534046838084,34.10172006306228,7216,0
74.65011509503039,0.7170942717497814,29.831937176481436,1884,0
92.7080063563551,0.48241141875676635,32.273704560705674,3610,0
68.73032942212232,0.5123204806784486,27.417851780562142,3886,0
93.12448557996929,0.5551485376040468,29.017667082859514,5366,0
82.07751935455475,0.5043602446372454,28.970702845598296,9290,0
69.37533224105732,0.6695051040430753,26.267108267298806,5528,0
81.3240773905552,0.4377350638265548,29.11612918442109,6781,0
84.7255444962673,0.5194607455237242,22.256908505681267,6993,0
81.21809962217196,0.42575294143019515,27.544231264289476,9743,1
59.297752801095434,0.3679977488779294,28.575622533151645,4758,1
67.72862824175131,0.43882309090947147,28.7191012375231,7182,0
72.52481364448495,0.4962963202951588,28.792512770646105,6969,0
74.25566570899954,0.457069777548274,29.691179000699357,7707,0
81.20672097550678,0.4307579020126144,32.39720759043032,7769,1
76.77701000933254,0.3593682536328166,34.37258537066261,6319,0
61.64655641289899,0.4916894427371305,26.751173865758666,4634,0
78.80197851005963,0.3495279625968998,23.983995723054278,6079,0
81.10585745283824,0.5760055963689603,24.789777938784486,8990,0
80.5979044793104,0.5082439752934503,27.563985394025366,1412,0
85.80780725554622,0.3542448500535069,28.240393410917456,3062,0
83.33922154548904,0.46907909229501366,26.150019669012714,3038,0
79.59180079228437,0.4247843594409417,23.519416678750527,3297,0
74.29834288541353,0.531917451041918,27.71939586262906,5396,0
58.39039066484008,0.6340450446023145,30.907133100569858,7304,0
79.29618219132585,0.3124827530354255,32.97514732917782,5830,0
77.07687687163111,0.5115026079147417,27.212884734458395,226,0
77.71578837195374,0.48398672044333596,27.93501088928283,5702,0
62.232514241796906,0.5671340076450466,25.366508455763444,1291,0
64.18943459591738,0.521319662823769,29.842804148126117,2739,0
85.53152853332904,0.42480306682611807,25.757856829045927,1466,1
74.60444846143345,0.46809460643333817,32.865639066206,9311,0
81.81500697372624,0.4203974143196511,21.070667540329445,6553,0
75.28318376130461,0.6076007138598598,28.20185163773769,6771,0
75.29756139495746,0.5021311648671942,31.50553669595871,6783,1
84.38283805975998,0.6901190685753007,30.91917258161252,4639,0
69.83955271782627,0.4939339186185379,43.46516831990248,8976,0
75.96120776940984,0.42915932330895373,31.749000122839536,2987,0
70.37724711294958,0.3486285607387173,24.979727015789948,9754,0
70.65503772567685,0.3196860323744055,29.522678764554634,4186,0
71.90827876531361,0.341586405699451,21.11876833266774,2361,0
77.22133771633713,0.5267126651011483,29.597001253516197,4280,0
70.21251378336522,0.5508725023229933,25.834719714996208,2941,0
87.55756125573521,0.34188092979678664,34.57695137780081,6140,0
66.05392697780496,0.5895038314076115,27.252298627022327,3660,0
73.13128355838641,0.45169389483165606,29.416170421023768,4858,0
70.60268941725825,0.514679301198555,26.822210792977984,726,0
89.46977884353733,0.6612220628255424,38.69425675926666,5114,0
76.96554776511574,0.5896839315865532,28.39378616941044,1475,0
85.31844539468635,0.47314693520941675,39.16278521739601,1281,0
60.14439626963028,0.41088077745847124,34.07075881059133,5808,0
77.67050265869258,0.2848184598670695,32.41033363667693,590,1
83.89630795623437,0.42808466807575796,31.8436657365876,3829,0
75.82283989275425,0.4788869761172306,31.968986491081257,6074,0
85.65480375065351,0.4012820472848816,20.36163710327195,3634,0
69.82711549899628,0.48687430329076953,28.60558302924622,3396,0
89.0934744018558,0.5076851882958768,34.225789855921604,2040,0
97.9889812361925,0.47751440181919214,29.75551408262947,5114,0
71.37161439560342,0.434999741917654,22.974050765982124,1982,0
70.54497478599228,0.5168654671966728,29.73797774711265,5008,0
89.533844771177,0.5441940649569409,38.520527581277456,3087,0
90.79572145730712,0.3909600922557154,36.2344585776736,5685,0
69.77139972846732,0.641093237974627,29.689979953169843,3259,0
70.79813182904142,0.4901411867715738,34.75724638529043,4630,0
72.18215391139493,0.5018849622944848,28.16746489815974,781,0
61.555494889657226,0.5708214423256557,21.480642065866405,5354,0
65.81348053515802,0.5233216131263502,25.377670059352226,1173,1
64.95859233247933,0.5953136633913245,37.81444384254099,2487,1
67.32202434895872,0.5287124165201824,28.63003459085348,2793,0
74.65315112613219,0.43875626253595623,28.78308010312491,9662,0
77.3421473253652,0.5361503525206102,28.500809018625596,4440,0
90.50500492814076,0.38562737926793383,39.52068294786503,2256,0
65.0164595926121,0.5108559705776523,38.12979457681031,8066,0
84.84322398476584,0.49667700093555395,41.09390116724067,2680,0
72.86011155774491,0.47918831427274605,29.204773947999744,7357,0
74.50536290347567,0.4871462488561069,31.478122443735476,2259,0
81.74819492166604,0.3118150954502361,22.416787252896043,6872,0
63.772779784377015,0.44512750922590383,37.38467213059137,1727,0
78.82409746184051,0.5092844901141115,24.161102243660324,8319,0
76.66452208213056,0.51598563919974,31.083877818813146,7180,0
79.92451264008149,0.3972324859074042,24.51348736183578,2085,0
77.89168643907819,0.62657078408647,27.05566586630652,9813,0
99.55300139910895,0.4133825151785499,25.8136878447515,8588,0
68.62260015748684,0.5969457200526737,26.96062369662091,2281,0
69.69003044998182,0.5427194361871684,27.304386484255108,2396,0
68.76859473575236,0.4353772690156197,27.258656025374613,7264,0
69.44522880839746,0.6775310892609512,34.16666955890153,2697,0
68.62612872693482,0.380636316824352,24.4756860346874,1001,0
86.89016531107552,0.5919154173610002,31.102707135069334,6160,0
89.20504247989855,0.6000582318042978,36.089795761527796,9390,0
69.29253706250523,0.4329379790923355,27.43401817743302,1777,0
66.67644426895771,0.639246530006433,26.41040554626199,2981,0
79.71415556386404,0.4749953485401047,28.847376874098746,5722,0
69.47776955719029,0.5288693629279857,35.89862604180355,8152,1
81.32931817755511,0.526032183877122,30.97053815476679,1478,0
77.029230208513,0.4865691258529452,27.343928526962006,1348,0
59.84255885002768,0.5810808273159782,32.4193832559402,5750,0
90.47505201330061,0.5793488720552213,24.488539250817883,6179,1
92.95877673095522,0.3251468026761819,33.40679755221474,9556,0
68.87211309515614,0.6304340242878153,32.04303653850884,7136,0
71.12298440064016,0.3337508011964325,28.46095764430558,6587,0
77.85865390724905,0.6032546204341658,25.807071007763845,1158,0
78.34456789987026,0.6126705136827584,25.566595388582712,2148,0
81.5854427267283,0.39090335697848017,32.67408668172955,6215,0
95.1020453876635,0.4589185712045415,36.14490251244531,4348,0
73.2305277250595,0.38942953315140644,26.813461264856027,2576,0
67.01702755461547,0.47850789697112645,32.29193351775742,4703,0
61.20680771985473,0.46919657158142586,19.564864906989655,3653,0
67.69069960058081,0.577966053226934,27.076911346714002,320,0
74.66873027126204,0.6310308746119608,29.84470533564549,4918,0
92.94557863517788,0.6395683810789956,25.45158291509083,7292,0
69.82388700963828,0.44378319734216976,25.31746812605202,4723,0
77.23787951638899,0.4790778126255472,26.661102217655568,7449,0
74.83577103927247,0.33165618077790493,31.460963641631867,5718,0
86.88393273448084,0.4194129933503811,29.063354907968126,9956,0
100.26932425873622,0.5964851633097458,18.80884383337514,7309,0
69.6913122707968,0.6615582823548232,19.396499236824667,4676,0
70.10560557481777,0.3765651128120078,26.965674110714122,1971,0
85.44160877069072,0.44075357408471055,32.28843293026776,8015,0
81.81891489626311,0.4973594243041073,16.262475786373827,1562,1
93.46707325736034,0.5280161158819607,27.501349119241848,5621,0
80.83928185325964,0.4190396480078354,27.368760717412894,8636,0
71.40707909212941,0.542406104446409,36.94168889104224,8336,0
80.9065483069231,0.4526160652929084,28.074890941435683,7913,0
86.08703580582907,0.4985547729121721,31.914944923704642,2168,0
83.20482181197364,0.55462842480037,30.706285700437316,5853,0
80.07274031107298,0.5006422269810937,19.347167600964,7337,0
85.66674689589154,0.4563614109473431,33.841036083158684,7116,0
86.69295590445672,0.4890390196074169,31.07698252728144,6291,0
88.82158991037527,0.49116370407946647,32.54134319837295,1614,0
81.48709887589642,0.4629988970117872,49.63118853218163,2698,0
73.32881919683146,0.47412039373328974,19.579435302507058,1101,0
76.46713686433323,0.6598647170504717,38.62348324880554,1133,0
87.06508966508358,0.5560919447941238,28.56276240299822,6999,0
66.83064329012764,0.47045196819708396,31.436644522015047,8565,0
78.68673308872901,0.5696954404510736,29.77243877349379,5151,0
71.0666118767264,0.466618051024399,27.878818333009782,4576,0
75.28744822934817,0.6173124637586641,27.150835358806205,578,0
87.78451862607298,0.5369642192198094,31.647543677865045,615,0
76.91099068019903,0.4892697855995771,22.414131516641604,1291,0
75.46436548156149,0.5447716925810278,33.752895837608826,6397,0
61.40143859020081,0.34291238479315006,27.91902797557373,9703,0
82.46253566027221,0.3873232531090195,24.34965330479821,371,0
81.45484181141076,0.38060749936009447,27.74993571002093,8434,0
96.6325472330546,0.5142943094763707,36.28574608431286,7878,0
71.92221765046999,0.6732514999485092,27.323324564918885,6108,0
77.1915032766394,0.7231300146192632,31.7922680910481,8087,0
77.49383683710755,0.5638051101440757,26.34521862142263,3432,0
90.77453279763475,0.5500844474944457,33.789609249618096,887,0
74.04704467613048,0.3198942265847261,33.42753869395102,6322,0
77.7902152577034,0.4457326200265978,39.24304416648206,9973,0
81.0789650971654,0.42122162480917613,29.122180272503922,722,0
76.86609123156359,0.43791524017488836,33.34327402378953,3941,0
70.53566385449471,0.48318561814152106,30.490337697694724,3776,0
76.94089992898307,0.45279094223028726,36.479358909315074,2672,0
85.73631749859771,0.30207001896242125,26.40583806195635,7015,0
64.73484700588939,0.5747910256117534,33.725026564386404,5133,0
76.32969674146877,0.39272569742601937,29.026513519416593,7888,0
67.99879185060827,0.523924686411115,29.679059114457512,5314,0
86.95046628924842,0.7074082669749974,30.458762422241865,4812,0
59.76813095216225,0.40806154084135765,31.261201982133386,166,1
69.41078152728412,0.246971247725367,29.41885478439021,7633,0
78.7721187506452,0.47139957781198893,31.073565915852633,4716,0
90.65524029234341,0.6100959634998571,37.89059028781092,1240,0
74.34249738927012,0.6958347454220594,34.92724842807609,5830,0
69.44800473306802,0.3770450405547583,34.34577296248448,7565,0
93.8115706944059,0.5496699223236522,27.722302369880648,9479,0
60.51986099583756,0.45346895432199463,25.55379585885838,4571,0
53.01194043379918,0.48940516456958644,34.77650279118876,3439,0
79.40014450053333,0.7644343347017035,34.38023396264897,648,1
69.97945775647389,0.34970296716048466,37.36335337875491,7775,0
64.78767182869287,0.5253739661494573,26.98009687015385,8364,0
82.08356447299353,0.5467693171765433,28.852256723198266,298,1
77.43800713771199,0.6085786324939347,21.802579187372828,671,0
69.35921369263272,0.5097983153470895,28.037644469695636,890,0
62.19695601329106,0.5308050539504102,34.982852552897235,9930,0
83.72457328280144,0.4608351432578209,27.66752310385901,1274,0
81.50201177958661,0.5269126941245107,33.20239897600412,278,1
74.00824136220618,0.46568077245025896,29.047484470010943,2344,1
93.46636996047665,0.5621571889856051,31.620285141107804,4186,0
64.29915233673847,0.4630389663956366,24.261543050921663,834,0
59.74474829075261,0.5377100393902187,30.426047248169507,6332,0
68.08091930118755,0.4970737186315022,15.044320145496384,898,0
74.54413983644503,0.6126050250772168,29.065519209190075,7701,0
77.43339449322691,0.49486062764115135,21.8476337814243,9079,0
72.5876394214367,0.32269675317931185,36.02997258273408,2895,1
78.52055396514297,0.6261921500713992,33.88703676382256,4688,1
62.48460575809556,0.4094267699137381,32.333354909830405,7397,0
89.4376460407326,0.434623366135118,37.6050311357969,3184,0
74.17848821607431,0.44043387059565076,25.255417395875813,831,0
86.17295831588127,0.6374438093170818,38.73681598957779,1229,0
78.42725346377703,0.28643257860213045,34.66095782130192,1705,0
79.56753219153784,0.8137748533659994,28.81722356390527,3033,0
80.69767280232205,0.6056056809066052,35.67810073591472,9507,0
79.47708560017315,0.522323891412916,24.46853243794183,8616,0
81.42722759867544,0.4945105999383714,25.87742919236163,5174,0
88.29152530132431,0.5285554074857657,26.9570513838015,7199,1
76.9652116970147,0.5521122428379338,27.355111459679925,1590,0
82.09003757588512,0.5645215585950057,24.717211786198735,993,0
74.10264305712774,0.5555604466003449,36.11541533547663,1490,0
89.40117215449473,0.5089580681255249,28.70572799815084,3489,0
68.2360769794073,0.4802661579692674,31.762524841784398,4339,1
93.00940432910815,0.4848726716346488,27.148243167931597,4579,0
74.59842049355656,0.4805091719647319,20.896983497257416,2363,0
60.69224897881952,0.6133770096867065,31.35028679195711,3532,0
76.2810441491079,0.5593556722280861,20.438725122901115,2471,0
68.1894834252512,0.20596113653357195,29.656829769572656,4412,0
83.40643548988724,0.5655900776529761,23.15842480583595,1615,0
68.4737602069761,0.5194736194718775,39.93637999615404,6426,0
70.5381656678522,0.49812912435541024,34.55681361087361,7188,0
56.10459269054469,0.4611481546911114,30.528768956357403,5686,0
70.47693680750923,0.6124112719986013,36.318533388273345,3017,0
50.76120673371044,0.5947526462122859,25.768420112671322,5831,0
59.16097176514277,0.42271223321763907,32.71739689335047,7786,0
82.60414656144297,0.5407052287124535,30.99905216859357,1267,0
82.85800158650832,0.40283432654587137,31.32010040666835,8402,0
79.25457561784965,0.36203818352110695,36.36176750053384,5209,0
65.33023856870787,0.43732827754100345,33.66246051389901,4427,0
74.5228864385802,0.5862393472382759,31.443618314125118,5910,0
74.96397460909432,0.5953125045376086,21.72556281885852,3755,0
63.416353108074574,0.5513085420097293,25.199768523602682,3893,0
90.0339830176715,0.5725095786847997,29.38645533202138,6838,0
83.77362290575671,0.5516178287114959,30.466861871383255,1677,0
72.79035826170336,0.43585184047770476,24.34898137663038,9588,0
75.26885838994531,0.543192254467394,42.058383377892106,2320,0
77.08382807947552,0.5800409525227682,37.58197027626787,9264,0
54.58265131575709,0.5754291329813574,33.01059160196242,1130,0
72.52822617479403,0.6188913371474642,30.360184306418724,6791,0
68.18015752002202,0.5708303847201064,28.93895515049424,4092,0
64.98379990105084,0.5351448207541583,25.24040769988882,1013,1
72.18899707114045,0.6070150238316427,30.387402592594313,6458,0
92.97686526849523,0.497347874075094,31.288762700713754,2281,0
81.4084286126701,0.41181253487722824,23.79119712259188,3297,0
69.28821010217203,0.4836933036056236,31.670882086224488,6140,0
80.72582781356158,0.4255097355193551,29.223704755876255,1562,0
